jay1,taguig
jay2,taguig
jay3,taguig
jay4,taguig
jay5,taguig
jay6,taguig
jay7,taguig
jay8,taguig
jay9,taguig
jay10,taguig
jay11,taguig
jay12,taguig
jay13,taguig
jay14,taguig
jay15,taguig
jay16,taguig
jay17,taguig
jay18,taguig
jay19,taguig
jay20,taguig
jay21,taguig
jay22,taguig
jay23,taguig
jay24,taguig
jay25,taguig
jay26,taguig
jay27,taguig
jay28,taguig
jay29,taguig
jay30,taguig
jay31,taguig
jay32,taguig
jay33,taguig
jay34,taguig
jay35,taguig
jay36,taguig
jay37,taguig
jay38,taguig
jay39,taguig
jay40,taguig
jay41,taguig
jay42,taguig
jay43,taguig
jay44,taguig
jay45,taguig
jay46,taguig
jay47,taguig
jay48,taguig
jay49,taguig
jay50,taguig
jay51,taguig
jay52,taguig
jay53,taguig
jay54,taguig
jay55,taguig
jay56,taguig
jay57,taguig
jay58,taguig
jay59,taguig
jay60,taguig
jay61,taguig
jay62,taguig
jay63,taguig
jay64,taguig
jay65,taguig
jay66,taguig
jay67,taguig
jay68,taguig
jay69,taguig
jay70,taguig
jay71,taguig
jay72,taguig
jay73,taguig
jay74,taguig
jay75,taguig
jay76,taguig
jay77,taguig
jay78,taguig
jay79,taguig
jay80,taguig
jay81,taguig
jay82,taguig
jay83,taguig
jay84,taguig
jay85,taguig
jay86,taguig
jay87,taguig
jay88,taguig
jay89,taguig
jay90,taguig
jay91,taguig
jay92,taguig
jay93,taguig
jay94,taguig
jay95,taguig
jay96,taguig
jay97,taguig
jay98,taguig
jay99,taguig
jay100,taguig
jay101,taguig
jay102,taguig
jay103,taguig
jay104,taguig
jay105,taguig
jay106,taguig
jay107,taguig
jay108,taguig
jay109,taguig
jay110,taguig
jay111,taguig
jay112,taguig
jay113,taguig
jay114,taguig
jay115,taguig
jay116,taguig
jay117,taguig
jay118,taguig
jay119,taguig
jay120,taguig
jay121,taguig
jay122,taguig
jay123,taguig
jay124,taguig
jay125,taguig
jay126,taguig
jay127,taguig
jay128,taguig
jay129,taguig
jay130,taguig
jay131,taguig
jay132,taguig
jay133,taguig
jay134,taguig
jay135,taguig
jay136,taguig
jay137,taguig
jay138,taguig
jay139,taguig
jay140,taguig
jay141,taguig
jay142,taguig
jay143,taguig
jay144,taguig
jay145,taguig
jay146,taguig
jay147,taguig
jay148,taguig
jay149,taguig
jay150,taguig
jay151,taguig
jay152,taguig
jay153,taguig
jay154,taguig
jay155,taguig
jay156,taguig
jay157,taguig
jay158,taguig
jay159,taguig
jay160,taguig
jay161,taguig
jay162,taguig
jay163,taguig
jay164,taguig
jay165,taguig
jay166,taguig
jay167,taguig
jay168,taguig
jay169,taguig
jay170,taguig
jay171,taguig
jay172,taguig
jay173,taguig
jay174,taguig
jay175,taguig
jay176,taguig
jay177,taguig
jay178,taguig
jay179,taguig
jay180,taguig
jay181,taguig
jay182,taguig
jay183,taguig
jay184,taguig
jay185,taguig
jay186,taguig
jay187,taguig
jay188,taguig
jay189,taguig
jay190,taguig
jay191,taguig
jay192,taguig
jay193,taguig
jay194,taguig
jay195,taguig
jay196,taguig
jay197,taguig
jay198,taguig
jay199,taguig
jay200,taguig
jay201,taguig
jay202,taguig
jay203,taguig
jay204,taguig
jay205,taguig
jay206,taguig
jay207,taguig
jay208,taguig
jay209,taguig
jay210,taguig
jay211,taguig
jay212,taguig
jay213,taguig
jay214,taguig
jay215,taguig
jay216,taguig
jay217,taguig
jay218,taguig
jay219,taguig
jay220,taguig
jay221,taguig
jay222,taguig
jay223,taguig
jay224,taguig
jay225,taguig
jay226,taguig
jay227,taguig
jay228,taguig
jay229,taguig
jay230,taguig
jay231,taguig
jay232,taguig
jay233,taguig
jay234,taguig
jay235,taguig
jay236,taguig
jay237,taguig
jay238,taguig
jay239,taguig
jay240,taguig
jay241,taguig
jay242,taguig
jay243,taguig
jay244,taguig
jay245,taguig
jay246,taguig
jay247,taguig
jay248,taguig
jay249,taguig
jay250,taguig
jay251,taguig
jay252,taguig
jay253,taguig
jay254,taguig
jay255,taguig
jay256,taguig
jay257,taguig
jay258,taguig
jay259,taguig
jay260,taguig
jay261,taguig
jay262,taguig
jay263,taguig
jay264,taguig
jay265,taguig
jay266,taguig
jay267,taguig
jay268,taguig
jay269,taguig
jay270,taguig
jay271,taguig
jay272,taguig
jay273,taguig
jay274,taguig
jay275,taguig
jay276,taguig
jay277,taguig
jay278,taguig
jay279,taguig
jay280,taguig
jay281,taguig
jay282,taguig
jay283,taguig
jay284,taguig
jay285,taguig
jay286,taguig
jay287,taguig
jay288,taguig
jay289,taguig
jay290,taguig
jay291,taguig
jay292,taguig
jay293,taguig
jay294,taguig
jay295,taguig
jay296,taguig
jay297,taguig
jay298,taguig
jay299,taguig
jay300,taguig
jay301,taguig
jay302,taguig
jay303,taguig
jay304,taguig
jay305,taguig
jay306,taguig
jay307,taguig
jay308,taguig
jay309,taguig
jay310,taguig
jay311,taguig
jay312,taguig
jay313,taguig
jay314,taguig
jay315,taguig
jay316,taguig
jay317,taguig
jay318,taguig
jay319,taguig
jay320,taguig
jay321,taguig
jay322,taguig
jay323,taguig
jay324,taguig
jay325,taguig
jay326,taguig
jay327,taguig
jay328,taguig
jay329,taguig
jay330,taguig
jay331,taguig
jay332,taguig
jay333,taguig
jay334,taguig
jay335,taguig
jay336,taguig
jay337,taguig
jay338,taguig
jay339,taguig
jay340,taguig
jay341,taguig
jay342,taguig
jay343,taguig
jay344,taguig
jay345,taguig
jay346,taguig
jay347,taguig
jay348,taguig
jay349,taguig
jay350,taguig
jay351,taguig
jay352,taguig
jay353,taguig
jay354,taguig
jay355,taguig
jay356,taguig
jay357,taguig
jay358,taguig
jay359,taguig
jay360,taguig
jay361,taguig
jay362,taguig
jay363,taguig
jay364,taguig
jay365,taguig
jay366,taguig
jay367,taguig
jay368,taguig
jay369,taguig
jay370,taguig
jay371,taguig
jay372,taguig
jay373,taguig
jay374,taguig
jay375,taguig
jay376,taguig
jay377,taguig
jay378,taguig
jay379,taguig
jay380,taguig
jay381,taguig
jay382,taguig
jay383,taguig
jay384,taguig
jay385,taguig
jay386,taguig
jay387,taguig
jay388,taguig
jay389,taguig
jay390,taguig
jay391,taguig
jay392,taguig
jay393,taguig
jay394,taguig
jay395,taguig
jay396,taguig
jay397,taguig
jay398,taguig
jay399,taguig
jay400,taguig
jay401,taguig
jay402,taguig
jay403,taguig
jay404,taguig
jay405,taguig
jay406,taguig
jay407,taguig
jay408,taguig
jay409,taguig
jay410,taguig
jay411,taguig
jay412,taguig
jay413,taguig
jay414,taguig
jay415,taguig
jay416,taguig
jay417,taguig
jay418,taguig
jay419,taguig
jay420,taguig
jay421,taguig
jay422,taguig
jay423,taguig
jay424,taguig
jay425,taguig
jay426,taguig
jay427,taguig
jay428,taguig
jay429,taguig
jay430,taguig
jay431,taguig
jay432,taguig
jay433,taguig
jay434,taguig
jay435,taguig
jay436,taguig
jay437,taguig
jay438,taguig
jay439,taguig
jay440,taguig
jay441,taguig
jay442,taguig
jay443,taguig
jay444,taguig
jay445,taguig
jay446,taguig
jay447,taguig
jay448,taguig
jay449,taguig
jay450,taguig
jay451,taguig
jay452,taguig
jay453,taguig
jay454,taguig
jay455,taguig
jay456,taguig
jay457,taguig
jay458,taguig
jay459,taguig
jay460,taguig
jay461,taguig
jay462,taguig
jay463,taguig
jay464,taguig
jay465,taguig
jay466,taguig
jay467,taguig
jay468,taguig
jay469,taguig
jay470,taguig
jay471,taguig
jay472,taguig
jay473,taguig
jay474,taguig
jay475,taguig
jay476,taguig
jay477,taguig
jay478,taguig
jay479,taguig
jay480,taguig
jay481,taguig
jay482,taguig
jay483,taguig
jay484,taguig
jay485,taguig
jay486,taguig
jay487,taguig
jay488,taguig
jay489,taguig
jay490,taguig
jay491,taguig
jay492,taguig
jay493,taguig
jay494,taguig
jay495,taguig
jay496,taguig
jay497,taguig
jay498,taguig
jay499,taguig
jay500,taguig
jay501,taguig
jay502,taguig
jay503,taguig
jay504,taguig
jay505,taguig
jay506,taguig
jay507,taguig
jay508,taguig
jay509,taguig
jay510,taguig
